Code,Party,Kind,Language,Filename,SubmissionDate,EncodedAbsUrl
AFG,Afghanistan,First NDC,English,AFG_Afghanistan_First_NDC_English.pdf,2016-11-23,https://www4.unfccc.int/sites/ndcstaging/PublishedDocuments/Afghanistan%20First/INDC_AFG_20150927_FINAL.pdf
ALB,Albania,First NDC,English,ALB_Albania_First_NDC_English.pdf,2016-09-21,https://www4.unfccc.int/sites/ndcstaging/PublishedDocuments/Albania%20First/Albania%20First.pdf
DZA,Algeria,First NDC,English,DZA_Algeria_First_NDC_Translation_English.pdf,2016-10-20,"https://www4.unfccc.int/sites/ndcstaging/PublishedDocuments/Algeria%20First/Algeria%20-%20INDC%20(English%20unofficial%20translation)%20September%2003,2015.pdf"
AND,Andorra,First NDC,French,AND_Andorra_First_NDC_French.pdf,2017-03-24,https://www4.unfccc.int/sites/ndcstaging/PublishedDocuments/Andorra%20First/Andorra%20INDC-CPDN.pdf
AGO,Angola,INDC,English,AGO_Angola_INDC_English.pdf,2015-11-29,http://www4.unfccc.int/Submissions/INDC/Published%20Documents/Angola/1/INDC%20Angola%20deposito.pdf
ATG,Antigua and Barbuda,First NDC,English,ATG_Antigua-and-Barbuda_First_NDC_English.pdf,2016-09-21,https://www4.unfccc.int/sites/ndcstaging/PublishedDocuments/Antigua%20and%20Barbuda%20First/Antigua%20and%20Barbuda%20First.pdf
ARG,Argentina,First NDC,English,ARG_Argentina_First_NDC_Translation_English.pdf,2016-11-17,https://www4.unfccc.int/sites/ndcstaging/PublishedDocuments/Argentina%20First/Traducción%20NDC_Argentina.pdf
ARM,Armenia,First NDC,English,ARM_Armenia_First_NDC_English.pdf,2017-03-23,https://www4.unfccc.int/sites/ndcstaging/PublishedDocuments/Armenia%20First/INDC-Armenia.pdf
AUS,Australia,First NDC,English,AUS_Australia_First_NDC_English.pdf,2016-11-09,https://www4.unfccc.int/sites/ndcstaging/PublishedDocuments/Australia%20First/Australias%20Intended%20Nationally%20Determined%20Contribution%20to%20a%20new%20Climate%20Change%20Agreement%20-%20August%202015.pdf
AZE,Azerbaijan,First NDC,English,AZE_Azerbaijan_First_NDC_English.pdf,2017-01-09,https://www4.unfccc.int/sites/ndcstaging/PublishedDocuments/Azerbaijan%20First/INDC%20Azerbaijan.pdf
BHS,Bahamas,First NDC,English,BHS_Bahamas_First_NDC_English.pdf,2016-10-31,https://www4.unfccc.int/sites/ndcstaging/PublishedDocuments/Bahamas%20First/Bahamas_COP-22%20UNFCCC.pdf
BHR,Bahrain,First NDC,English,BHR_Bahrain_First_NDC_English.pdf,2016-12-30,https://www4.unfccc.int/sites/ndcstaging/PublishedDocuments/Bahrain%20First/INDC_Kingdom_of_Bahrain.pdf
BGD,Bangladesh,First NDC,English,BGD_Bangladesh_First_NDC_English.pdf,2016-09-21,https://www4.unfccc.int/sites/ndcstaging/PublishedDocuments/Bangladesh%20First/INDC_2015_of_Bangladesh.pdf
BRB,Barbados,First NDC,English,BRB_Barbados_First_NDC_English.pdf,2016-04-22,"https://www4.unfccc.int/sites/ndcstaging/PublishedDocuments/Barbados%20First/Barbados%20INDC%20FINAL%20September%20%2028,%202015.pdf"
BLR,Belarus,First NDC,English,BLR_Belarus_First_NDC_Translation_English.pdf,2016-09-21,https://www4.unfccc.int/sites/ndcstaging/PublishedDocuments/Belarus%20First/Belarus_INDC_Eng_25.09.2015.pdf
BLZ,Belize,First NDC,English,BLZ_Belize_First_NDC_English.pdf,2016-04-20,https://www4.unfccc.int/sites/ndcstaging/PublishedDocuments/Belize%20First/BELIZE%27s%20%20NDC.pdf
BEN,Benin,First NDC,English,BEN_Benin_First_NDC_Translation_English.pdf,2018-09-09,https://www4.unfccc.int/sites/ndcstaging/PublishedDocuments/Benin%20First/CDN_BENIN_VERSION_ANGLAISE.pdf
BTN,Bhutan,First NDC,English,BTN_Bhutan_First_NDC_English.pdf,2017-09-19,https://www4.unfccc.int/sites/ndcstaging/PublishedDocuments/Bhutan%20First/Bhutan-INDC-20150930.pdf
BOL,Bolivia (Plurinational State of),First NDC,English,BOL_Bolivia-Plurinational-State-of_First_NDC_Translation_English.pdf,2016-10-05,https://www4.unfccc.int/sites/ndcstaging/PublishedDocuments/Bolivia%20(Plurinational%20State%20of)%20First/INDC-Bolivia-english.pdf
BIH,Bosnia and Herzegovina,First NDC,English,BIH_Bosnia-and-Herzegovina_First_NDC_English.pdf,2017-03-16,https://www4.unfccc.int/sites/ndcstaging/PublishedDocuments/Bosnia%20and%20Herzegovina%20First/INDC%20Bosnia%20and%20Herzegovina.pdf
BWA,Botswana,First NDC,English,BWA_Botswana_First_NDC_English.pdf,2016-11-11,https://www4.unfccc.int/sites/ndcstaging/PublishedDocuments/Botswana%20First/BOTSWANA.pdf
BRA,Brazil,First NDC,English,BRA_Brazil_First_NDC_English.pdf,2016-09-21,https://www4.unfccc.int/sites/ndcstaging/PublishedDocuments/Brazil%20First/BRAZIL%20iNDC%20english%20FINAL.pdf
BRN,Brunei,INDC,English,BRN_Brunei_INDC_English.pdf,2015-12-01,http://www4.unfccc.int/Submissions/INDC/Published%20Documents/Brunei/1/Brunei%20Darussalam%20INDC_FINAL_30%20November%202015.pdf
BFA,Burkina Faso,First NDC,English,BFA_Burkina-Faso_First_NDC_Translation_English.pdf,2016-11-11,https://www4.unfccc.int/sites/ndcstaging/PublishedDocuments/Burkina%20Faso%20First/INDC%20Burkina_ENG.%20version_finale.pdf
BDI,Burundi,First NDC,English,BDI_Burundi_First_NDC_Translation_English.pdf,2018-01-17,https://www4.unfccc.int/sites/ndcstaging/PublishedDocuments/Burundi%20First/Burundi_INDC-english%20version.pdf
CPV,Cabo Verde,First NDC,English,CPV_Cabo-Verde_First_NDC_English.pdf,2017-09-21,https://www4.unfccc.int/sites/ndcstaging/PublishedDocuments/Cabo%20Verde%20First/Cabo_Verde_INDC_.pdf
KHM,Cambodia,First NDC,English,KHM_Cambodia_First_NDC_English.pdf,2017-02-06,https://www4.unfccc.int/sites/ndcstaging/PublishedDocuments/Cambodia%20First/Cambodia%27s%20INDC%20to%20the%20UNFCCC.pdf
CMR,Cameroon,First NDC,French,CMR_Cameroon_First_NDC_French.pdf,2016-07-29,https://www4.unfccc.int/sites/ndcstaging/PublishedDocuments/Cameroon%20First/CPDN%20CMR%20Final.pdf
CAN,Canada,First NDC,English,CAN_Canada_First_NDC_Revised_English.pdf,2017-05-11,https://www4.unfccc.int/sites/ndcstaging/PublishedDocuments/Canada%20First/Canada%20First%20NDC-Revised%20submission%202017-05-11.pdf
CAF,Central African Republic,First NDC,English,CAF_Central-African-Republic_First_NDC_Translation_English.pdf,2016-10-11,https://www4.unfccc.int/sites/ndcstaging/PublishedDocuments/Central%20African%20Republic%20First/INDC_République%20Centrafricaine_EN.pdf
TCD,Chad,First NDC,English,TCD_Chad_First_NDC_Translation_English.pdf,2017-01-12,https://www4.unfccc.int/sites/ndcstaging/PublishedDocuments/Chad%20First/INDC%20Chad_Official%20version_English.pdf
CHL,Chile,First NDC,English,CHL_Chile_First_NDC_Translation_English.pdf,2017-02-10,https://www4.unfccc.int/sites/ndcstaging/PublishedDocuments/Chile%20First/INDC%20Chile%20english%20version.pdf
CHN,China,First NDC,English,CHN_China_First_NDC_English.pdf,2016-09-03,https://www4.unfccc.int/sites/ndcstaging/PublishedDocuments/China%20First/China%27s%20First%20NDC%20Submission.pdf
COL,Colombia,First NDC,English,COL_Colombia_First_NDC_Translation_English.pdf,2018-07-12,https://www4.unfccc.int/sites/ndcstaging/PublishedDocuments/Colombia%20First/Colombia%20iNDC%20Unofficial%20translation%20Eng.pdf
COM,Comoros,First NDC,French,COM_Comoros_First_NDC_French.pdf,2016-11-23,https://www4.unfccc.int/sites/ndcstaging/PublishedDocuments/Comoros%20First/INDC_Comores_Version_Francaise.pdf
COG,Congo,First NDC,French,COG_Congo_First_NDC_French.pdf,2017-04-21,https://www4.unfccc.int/sites/ndcstaging/PublishedDocuments/Congo%20First/NDC_Congo_RAPPORT.pdf
COK,Cook Islands,First NDC,English,COK_Cook-Islands_First_NDC_English.pdf,2016-09-01,https://www4.unfccc.int/sites/ndcstaging/PublishedDocuments/Cook%20Islands%20First/Cook%20Islands%20INDCsFINAL7Nov.pdf
CRI,Costa Rica,First NDC,English,CRI_Costa-Rica_First_NDC_Translation_English.pdf,2016-10-13,https://www4.unfccc.int/sites/ndcstaging/PublishedDocuments/Costa%20Rica%20First/INDC%20Costa%20Rica%20Version%202%200%20final%20ENG.pdf
CUB,Cuba,First NDC,Spanish,CUB_Cuba_First_NDC_Spanish.pdf,2016-12-30,https://www4.unfccc.int/sites/ndcstaging/PublishedDocuments/Cuba%20First/Republic%20of%20Cuba-NDCs-Nov2015.pdf
CIV,Côte d'Ivoire,First NDC,French,CIV_Cote-d-Ivoire_First_NDC_French.pdf,2016-10-25,https://www4.unfccc.int/sites/ndcstaging/PublishedDocuments/Côte%20d%27Ivoire%20First/INDC_CI_22092015.pdf
PRK,Democratic People's Republic of Korea,First NDC,English,PRK_Democratic-People-s-Republic-of-Korea_First_NDC_English.pdf,2016-10-03,https://www4.unfccc.int/sites/ndcstaging/PublishedDocuments/Democratic%20People%27s%20Republic%20of%20Korea%20First/DPRK-INDC%20by%202030.pdf
COD,Democratic Republic of the Congo,First NDC,French,COD_Democratic-Republic-of-the-Congo_First_NDC_French.pdf,2017-12-13,https://www4.unfccc.int/sites/ndcstaging/PublishedDocuments/Democratic%20Republic%20of%20the%20Congo%20First/CPDN%20-%20Rép%20Dém%20du%20Congo.pdf
DJI,Djibouti,First NDC,English,DJI_Djibouti_First_NDC_Translation_English.pdf,2016-11-11,https://www4.unfccc.int/sites/ndcstaging/PublishedDocuments/Djibouti%20First/INDC-Djibouti_ENG.pdf
DMA,Dominica,First NDC,English,DMA_Dominica_First_NDC_English.pdf,2016-09-21,https://www4.unfccc.int/sites/ndcstaging/PublishedDocuments/Dominica%20First/Commonwealth%20of%20Dominica-%20Intended%20Nationally%20Determined%20Contributions%20(INDC).pdf
DOM,Dominican Republic,First NDC,English,DOM_Dominican-Republic_First_NDC_Translation_English.pdf,2017-09-21,https://www4.unfccc.int/sites/ndcstaging/PublishedDocuments/Dominican%20Republic%20First/INDC-DR%20August%202015%20(unofficial%20translation).pdf
ECU,Ecuador,First NDC,Spanish,ECU_Ecuador_First_NDC_Spanish.pdf,2019-03-29,https://www4.unfccc.int/sites/ndcstaging/PublishedDocuments/Ecuador%20First/Primera%20NDC%20Ecuador.pdf
EGY,Egypt,First NDC,English,EGY_Egypt_First_NDC_English.pdf,2017-06-29,https://www4.unfccc.int/sites/ndcstaging/PublishedDocuments/Egypt%20First/Egyptian%20INDC.pdf
SLV,El Salvador,First NDC,Spanish,SLV_El-Salvador_First_NDC_Revised_Spanish.pdf,2017-10-30,https://www4.unfccc.int/sites/ndcstaging/PublishedDocuments/El%20Salvador%20First/EL%20SALVADOR-INTENDED%20NATIONALLY%20DETERMINED%20CONTRIBUTION%20B.pdf
GNQ,Equatorial Guinea,First NDC,Spanish,GNQ_Equatorial-Guinea_First_NDC_Spanish.pdf,2018-10-30,https://www4.unfccc.int/sites/ndcstaging/PublishedDocuments/Equatorial%20Guinea%20First/República%20de%20Guinea%20Ecuatorial_INDC.pdf
ERI,Eritrea,First NDC,English,ERI_Eritrea_First_NDC_English.pdf,2018-06-19,https://www4.unfccc.int/sites/ndcstaging/PublishedDocuments/Eritrea%20First/NRC%20Eritrea.pdf
SWZ,Eswatini,First NDC,English,SWZ_Eswatini_First_NDC_English.pdf,2016-09-21,https://www4.unfccc.int/sites/ndcstaging/PublishedDocuments/Eswatini%20First/Eswatini%27s%20INDC.pdf
ETH,Ethiopia,First NDC,English,ETH_Ethiopia_First_NDC_English.pdf,2017-03-09,https://www4.unfccc.int/sites/ndcstaging/PublishedDocuments/Ethiopia%20First/INDC-Ethiopia-100615.pdf
EUU,European Union,First NDC,English,EUU_European-Union_First_NDC_English.pdf,2016-10-05,https://www4.unfccc.int/sites/ndcstaging/PublishedDocuments/European%20Union%20First/LV-03-06-EU%20INDC.pdf
FJI,Fiji,First NDC,English,FJI_Fiji_First_NDC_English.pdf,2016-04-22,https://www4.unfccc.int/sites/ndcstaging/PublishedDocuments/Fiji%20First/FIJI_iNDC_Final_051115.pdf
FRA,France,First NDC,French,FRA_France_First_NDC_French.pdf,2016-10-05,https://www4.unfccc.int/sites/ndcstaging/PublishedDocuments/France%20First/CDN%20France%20PTOM%20-%205%20octobre%202016.pdf
GAB,Gabon,First NDC,French,GAB_Gabon_First_NDC_French.pdf,2016-11-02,https://www4.unfccc.int/sites/ndcstaging/PublishedDocuments/Gabon%20First/20150331%20INDC%20Gabon.pdf
GMB,Gambia,First NDC,English,GMB_Gambia_First_NDC_English.pdf,2016-11-07,https://www4.unfccc.int/sites/ndcstaging/PublishedDocuments/Gambia%20First/The%20INDC%20OF%20THE%20GAMBIA.pdf
GEO,Georgia,First NDC,English,GEO_Georgia_First_NDC_English.pdf,2017-05-08,https://www4.unfccc.int/sites/ndcstaging/PublishedDocuments/Georgia%20First/INDC_of_Georgia.pdf
GHA,Ghana,First NDC,English,GHA_Ghana_First_NDC_English.pdf,2016-09-21,https://www4.unfccc.int/sites/ndcstaging/PublishedDocuments/Ghana%20First/GH_INDC_2392015.pdf
GRD,Grenada,First NDC,English,GRD_Grenada_First_NDC_English.pdf,2016-04-22,https://www4.unfccc.int/sites/ndcstaging/PublishedDocuments/Grenada%20First/Grenada%20INDC.pdf
GTM,Guatemala,First NDC,Spanish,GTM_Guatemala_First_NDC_Spanish.pdf,2017-01-25,https://www4.unfccc.int/sites/ndcstaging/PublishedDocuments/Guatemala%20First/Gobierno%20de%20Guatemala%20INDC-UNFCCC%20Sept%202015.pdf
GIN,Guinea,First NDC,English,GIN_Guinea_First_NDC_Translation_English.pdf,2016-09-21,https://www4.unfccc.int/sites/ndcstaging/PublishedDocuments/Guinea%20First/INDC_Guinea_english_version%20UNFCCC.pdf
GNB,Guinea Bissau,First NDC,English,GNB_Guinea-Bissau_First_NDC_English.pdf,2018-10-22,https://www4.unfccc.int/sites/ndcstaging/PublishedDocuments/Guinea%20Bissau%20First/GUINEA-BISSAU_INDC_Version%20to%20the%20UNFCCC%20(eng).pdf
GUY,Guyana,First NDC,English,GUY_Guyana_First_NDC_English.pdf,2016-05-20,https://www4.unfccc.int/sites/ndcstaging/PublishedDocuments/Guyana%20First/Guyana%27s%20revised%20NDC%20-%20Final.pdf
HTI,Haiti,First NDC,French,HTI_Haiti_First_NDC_French.pdf,2017-07-31,https://www4.unfccc.int/sites/ndcstaging/PublishedDocuments/Haiti%20First/CPDN_Republique%20d%27Haiti.pdf
HND,Honduras,First NDC,Spanish,HND_Honduras_First_NDC_Spanish.pdf,2016-09-21,https://www4.unfccc.int/sites/ndcstaging/PublishedDocuments/Honduras%20First/Honduras%20INDC_esp.pdf
ISL,Iceland,First NDC,English,ISL_Iceland_First_NDC_English.pdf,2016-09-21,https://www4.unfccc.int/sites/ndcstaging/PublishedDocuments/Iceland%20First/INDC-ICELAND.pdf
IND,India,First NDC,English,IND_India_First_NDC_English.pdf,2016-10-02,https://www4.unfccc.int/sites/ndcstaging/PublishedDocuments/India%20First/INDIA%20INDC%20TO%20UNFCCC.pdf
IDN,Indonesia,First NDC,English,IDN_Indonesia_First_NDC_English.pdf,2016-11-06,https://www4.unfccc.int/sites/ndcstaging/PublishedDocuments/Indonesia%20First/First%20NDC%20Indonesia_submitted%20to%20UNFCCC%20Set_November%20%202016.pdf
IRN,Iran,INDC,English,IRN_Iran_INDC_English.pdf,2015-11-21,http://www4.unfccc.int/Submissions/INDC/Published%20Documents/Iran/1/INDC%20Iran%20Final%20Text.pdf
IRQ,Iraq,INDC,Arabic,IRQ_Iraq_INDC_Arabic.pdf,2015-11-12,http://www4.unfccc.int/Submissions/INDC/Published%20Documents/Iraq/1/INDC-Iraq.pdf
ISR,Israel,First NDC,English,ISR_Israel_First_NDC_English.pdf,2016-11-22,https://www4.unfccc.int/sites/ndcstaging/PublishedDocuments/Israel%20First/Israel%20INDC.pdf
JAM,Jamaica,First NDC,English,JAM_Jamaica_First_NDC_English.pdf,2017-04-10,https://www4.unfccc.int/sites/ndcstaging/PublishedDocuments/Jamaica%20First/Jamaica%27s%20INDC_2015-11-25.pdf
JPN,Japan,First NDC,English,JPN_Japan_First_NDC_English.pdf,2016-11-08,https://www4.unfccc.int/sites/ndcstaging/PublishedDocuments/Japan%20First/20150717_Japan%27s%20INDC.pdf
JOR,Jordan,First NDC,English,JOR_Jordan_First_NDC_English.pdf,2016-11-04,https://www4.unfccc.int/sites/ndcstaging/PublishedDocuments/Jordan%20First/Jordan%20INDCs%20Final.pdf
KAZ,Kazakhstan,First NDC,English,KAZ_Kazakhstan_First_NDC_English.pdf,2016-12-06,https://www4.unfccc.int/sites/ndcstaging/PublishedDocuments/Kazakhstan%20First/INDC%20Kz_eng.pdf
KEN,Kenya,First NDC,English,KEN_Kenya_First_NDC_English.pdf,2016-12-28,https://www4.unfccc.int/sites/ndcstaging/PublishedDocuments/Kenya%20First/Kenya_NDC_20150723.pdf
KIR,Kiribati,First NDC,English,KIR_Kiribati_First_NDC_English.pdf,2016-09-21,https://www4.unfccc.int/sites/ndcstaging/PublishedDocuments/Kiribati%20First/INDC_KIRIBATI.pdf
KWT,Kuwait,First NDC,English,KWT_Kuwait_First_NDC_Translation_English.pdf,2018-04-23,https://www4.unfccc.int/sites/ndcstaging/PublishedDocuments/Kuwait%20First/Kuwait%20First%20NDC_English.pdf
KGZ,Kyrgyzstan,INDC,English,KGZ_Kyrgyzstan_INDC_English.pdf,2015-09-29,http://www4.unfccc.int/Submissions/INDC/Published%20Documents/Kyrgyzstan/1/Kyrgyzstan%20INDC%20_ENG_%20final.pdf
LAO,Lao People's Democratic Republic,First NDC,English,LAO_Lao-People-s-Democratic-Republic_First_NDC_English.pdf,2016-09-07,https://www4.unfccc.int/sites/ndcstaging/PublishedDocuments/Lao%20People%27s%20Democratic%20Republic%20First/Lao%20PDR%20First%20NDC.pdf
LBN,Lebanon,INDC,English,LBN_Lebanon_INDC_English.pdf,2015-09-30,http://www4.unfccc.int/Submissions/INDC/Published%20Documents/Lebanon/1/Republic%20of%20Lebanon%20-%20INDC%20-%20September%202015.pdf
LSO,Lesotho,First NDC,English,LSO_Lesotho_First_NDC_English.pdf,2018-06-22,https://www4.unfccc.int/sites/ndcstaging/PublishedDocuments/Lesotho%20First/Lesotho%20First%20NDC.pdf
LBR,Liberia,First NDC,English,LBR_Liberia_First_NDC_English.pdf,2018-08-27,https://www4.unfccc.int/sites/ndcstaging/PublishedDocuments/Liberia%20First/INDC%20Final%20Submission%20Sept%2030%202015%20Liberia.pdf
LIE,Liechtenstein,First NDC,English,LIE_Liechtenstein_First_NDC_English.pdf,2017-09-20,https://www4.unfccc.int/sites/ndcstaging/PublishedDocuments/Liechtenstein%20First/150422_INDC_FL.pdf
MDG,Madagascar,First NDC,English,MDG_Madagascar_First_NDC_Translation_English.pdf,2016-09-21,https://www4.unfccc.int/sites/ndcstaging/PublishedDocuments/Madagascar%20First/Madagascar%20INDC%20Eng.pdf
MWI,Malawi,First NDC,English,MWI_Malawi_First_NDC_English.pdf,2017-06-29,https://www4.unfccc.int/sites/ndcstaging/PublishedDocuments/Malawi%20First/MALAWI%20INDC%20SUBMITTED%20TO%20UNFCCC%20REV.pdf
MYS,Malaysia,First NDC,English,MYS_Malaysia_First_NDC_English.pdf,2016-11-16,https://www4.unfccc.int/sites/ndcstaging/PublishedDocuments/Malaysia%20First/INDC%20Malaysia%20Final%2027%20November%202015%20Revised%20Final%20UNFCCC.pdf
MDV,Maldives,First NDC,English,MDV_Maldives_First_NDC_English.pdf,2016-04-22,https://www4.unfccc.int/sites/ndcstaging/PublishedDocuments/Maldives%20First/Maldives%20INDC.pdf
MLI,Mali,First NDC,French,MLI_Mali_First_NDC_French.pdf,2016-09-23,https://www4.unfccc.int/sites/ndcstaging/PublishedDocuments/Mali%20First/Mali_revised%20NDC.pdf
MHL,Marshall Islands,Second NDC,English,MHL_Marshall-Islands_Second_NDC_English.pdf,2018-11-22,https://www4.unfccc.int/sites/ndcstaging/PublishedDocuments/Marshall%20Islands%20Second/20181122%20Marshall%20Islands%20NDC%20to%20UNFCCC%2022%20November%202018%20FINAL.pdf
MRT,Mauritania,First NDC,French,MRT_Mauritania_First_NDC_French.pdf,2017-02-27,https://www4.unfccc.int/sites/ndcstaging/PublishedDocuments/Mauretania%20First/INDC%20MAURITANIA.pdf
MUS,Mauritius,First NDC,English,MUS_Mauritius_First_NDC_English.pdf,2016-04-22,https://www4.unfccc.int/sites/ndcstaging/PublishedDocuments/Mauritius%20First/Final%20INDC%20for%20Mauritius%2028%20Sept%202015.pdf
MEX,Mexico,First NDC,English,MEX_Mexico_First_NDC_English.pdf,2016-09-21,https://www4.unfccc.int/sites/ndcstaging/PublishedDocuments/Mexico%20First/MEXICO%20INDC%2003.30.2015.pdf
FSM,Micronesia,First NDC,English,FSM_Micronesia_First_NDC_English.pdf,2016-09-15,https://www4.unfccc.int/sites/ndcstaging/PublishedDocuments/Micronesia%20First/Micronesia%20First%20NDC.pdf
MCO,Monaco,First NDC,English,MCO_Monaco_First_NDC_English.pdf,2016-10-26,https://www4.unfccc.int/sites/ndcstaging/PublishedDocuments/Monaco%20First/Monaco_INDC.pdf
MNG,Mongolia,First NDC,English,MNG_Mongolia_First_NDC_English.pdf,2016-09-21,https://www4.unfccc.int/sites/ndcstaging/PublishedDocuments/Mongolia%20First/150924_INDCs%20of%20Mongolia.pdf
MNE,Montenegro,First NDC,English,MNE_Montenegro_First_NDC_English.pdf,2017-12-21,https://www4.unfccc.int/sites/ndcstaging/PublishedDocuments/Montenegro%20First/INDCSubmission_%20Montenegro.pdf
MAR,Morocco,First NDC,English,MAR_Morocco_First_NDC_Translation_English.pdf,2016-09-19,https://www4.unfccc.int/sites/ndcstaging/PublishedDocuments/Morocco%20First/Morocco%20First%20NDC-English.pdf
MOZ,Mozambique,First NDC,English,MOZ_Mozambique_First_NDC_English.pdf,2018-06-04,https://www4.unfccc.int/sites/ndcstaging/PublishedDocuments/Mozambique%20First/MOZ_INDC_Final_Version.pdf
MMR,Myanmar,First NDC,English,MMR_Myanmar_First_NDC_English.pdf,2017-09-19,https://www4.unfccc.int/sites/ndcstaging/PublishedDocuments/Myanmar%20First/Myanmar%27s%20INDC.pdf
NAM,Namibia,First NDC,English,NAM_Namibia_First_NDC_English.pdf,2016-09-21,https://www4.unfccc.int/sites/ndcstaging/PublishedDocuments/Namibia%20First/INDC%20of%20Namibia%20Final%20pdf.pdf
NRU,Nauru,First NDC,English,NRU_Nauru_First_NDC_English.pdf,2016-04-07,https://www4.unfccc.int/sites/ndcstaging/PublishedDocuments/Nauru%20First/Nauru_NDC.pdf
NPL,Nepal,First NDC,English,NPL_Nepal_First_NDC_English.pdf,2016-10-05,https://www4.unfccc.int/sites/ndcstaging/PublishedDocuments/Nepal%20First/Nepal%20First%20NDC.pdf
NZL,New Zealand,First NDC,English,NZL_New-Zealand_First_NDC_English.pdf,2016-10-05,https://www4.unfccc.int/sites/ndcstaging/PublishedDocuments/New%20Zealand%20First/New%20Zealand%20first%20NDC.pdf
NIC,Nicaragua,First NDC,Spanish,NIC_Nicaragua_First_NDC_Spanish.pdf,2018-09-03,https://www4.unfccc.int/sites/ndcstaging/PublishedDocuments/Nicaragua%20First/Contribucion%20Nacionalmente%20Determinada%20Nicaragua.pdf
NER,Niger,First NDC,English,NER_Niger_First_NDC_Translation_English.pdf,2016-09-21,https://www4.unfccc.int/sites/ndcstaging/PublishedDocuments/Niger%20First/Niger-INDC-final_Eng.pdf
NGA,Nigeria,First NDC,English,NGA_Nigeria_First_NDC_English.pdf,2017-05-16,https://www4.unfccc.int/sites/ndcstaging/PublishedDocuments/Nigeria%20First/Approved%20Nigeria%27s%20INDC_271115.pdf
NIU,Niue,First NDC,English,NIU_Niue_First_NDC_English.pdf,2016-10-28,https://www4.unfccc.int/sites/ndcstaging/PublishedDocuments/Niue%20First/Niue%20INDC%20Final.pdf
NOR,Norway,First NDC,English,NOR_Norway_First_NDC_English.pdf,2016-06-20,https://www4.unfccc.int/sites/ndcstaging/PublishedDocuments/Norway%20First/NorwayINDC.pdf
OMN,Oman,INDC,English,OMN_Oman_INDC_English.pdf,2015-10-19,http://www4.unfccc.int/Submissions/INDC/Published%20Documents/Oman/1/OMAN%20INDCs.pdf
PAK,Pakistan,First NDC,English,PAK_Pakistan_First_NDC_English.pdf,2016-11-10,https://www4.unfccc.int/sites/ndcstaging/PublishedDocuments/Pakistan%20First/Pak-INDC.pdf
PLW,Palau,First NDC,English,PLW_Palau_First_NDC_English.pdf,2016-04-22,https://www4.unfccc.int/sites/ndcstaging/PublishedDocuments/Palau%20First/Palau_INDC.Final%20Copy.pdf
PAN,Panama,First NDC,Spanish,PAN_Panama_First_NDC_Spanish.pdf,2016-04-18,https://www4.unfccc.int/sites/ndcstaging/PublishedDocuments/Panama%20First/PANAMA%20NDC.pdf
PNG,Papua New Guinea,First NDC,English,PNG_Papua-New-Guinea_First_NDC_English.pdf,2016-03-24,https://www4.unfccc.int/sites/ndcstaging/PublishedDocuments/Papua%20New%20Guinea%20First/PNG_INDC%20to%20the%20UNFCCC.pdf
PRY,Paraguay,First NDC,Spanish,PRY_Paraguay_First_NDC_Spanish.pdf,2016-10-14,https://www4.unfccc.int/sites/ndcstaging/PublishedDocuments/Paraguay%20First/Documento%20INDC%20Paraguay%2001-10-15.pdf
PER,Peru,First NDC,English,PER_Peru_First_NDC_Translation_English.pdf,2016-07-25,https://www4.unfccc.int/sites/ndcstaging/PublishedDocuments/Peru%20First/iNDC%20Perú%20english.pdf
PHL,Philippines,INDC,English,PHL_Philippines_INDC_English.pdf,2015-10-01,http://www4.unfccc.int/Submissions/INDC/Published%20Documents/Philippines/1/Philippines%20-%20Final%20INDC%20submission.pdf
QAT,Qatar,First NDC,English,QAT_Qatar_First_NDC_Translation_English.pdf,2017-06-23,https://www4.unfccc.int/sites/ndcstaging/PublishedDocuments/Qatar%20First/Qatar%20INDCs%20Report%20-English.pdf
KOR,Republic of Korea,First NDC,English,KOR_Republic-of-Korea_First_NDC_English.pdf,2016-11-03,https://www4.unfccc.int/sites/ndcstaging/PublishedDocuments/Republic%20of%20Korea%20First/INDC%20Submission%20by%20the%20Republic%20of%20Korea%20on%20June%2030.pdf
MDA,Republic of Moldova,First NDC,English,MDA_Republic-of-Moldova_First_NDC_English.pdf,2017-06-20,https://www4.unfccc.int/sites/ndcstaging/PublishedDocuments/Republic%20of%20Moldova%20First/INDC_Republic_of_Moldova_25.09.2015.pdf
RUS,Russia,INDC,English,RUS_Russia_INDC_English.pdf,2015-04-01,http://www4.unfccc.int/Submissions/INDC/Published%20Documents/Russia/1/Russian%20Submission%20INDC_eng_rev1.doc
RWA,Rwanda,First NDC,English,RWA_Rwanda_First_NDC_English.pdf,2016-10-06,https://www4.unfccc.int/sites/ndcstaging/PublishedDocuments/Rwanda%20First/INDC_Rwanda_Nov.2015.pdf
KNA,Saint Kitts and Nevis,First NDC,English,KNA_Saint-Kitts-and-Nevis_First_NDC_English.pdf,2016-04-22,https://www4.unfccc.int/sites/ndcstaging/PublishedDocuments/Saint%20Kitts%20and%20Nevis%20First/St.%20Kitts%20and%20Nevis%20INDC.pdf
LCA,Saint Lucia,First NDC,English,LCA_Saint-Lucia_First_NDC_English.pdf,2016-04-22,https://www4.unfccc.int/sites/ndcstaging/PublishedDocuments/Saint%20Lucia%20First/Saint%20Lucia%27s%20INDC%2018th%20November%202015.pdf
WSM,Samoa,First NDC,English,WSM_Samoa_First_NDC_English.pdf,2016-04-22,https://www4.unfccc.int/sites/ndcstaging/PublishedDocuments/Samoa%20First/Samoa%20INDC_Submission%20to%20UNFCCC.pdf
SMR,San Marino,First NDC,English,SMR_San-Marino_First_NDC_English.pdf,2018-09-26,https://www4.unfccc.int/sites/ndcstaging/PublishedDocuments/San%20Marino%20First/SAN%20MARINO%20INDC%20EN.pdf
STP,Sao Tome and Principe,First NDC,English,STP_Sao-Tome-and-Principe_First_NDC_English.pdf,2016-11-02,https://www4.unfccc.int/sites/ndcstaging/PublishedDocuments/Sao%20Tome%20and%20Principe%20First/STP_INDC%20_Ingles_30.09.pdf
SAU,Saudi Arabia,First NDC,English,SAU_Saudi-Arabia_First_NDC_Translation_English.pdf,2016-11-03,https://www4.unfccc.int/sites/ndcstaging/PublishedDocuments/Saudi%20Arabia%20First/KSA-INDCs%20English.pdf
SEN,Senegal,INDC,French,SEN_Senegal_INDC_French.pdf,2015-09-26,http://www4.unfccc.int/Submissions/INDC/Published%20Documents/Senegal/1/CPDN%20-%20S%C3%A9n%C3%A9gal.pdf
SRB,Serbia,First NDC,English,SRB_Serbia_First_NDC_English.pdf,2017-07-25,https://www4.unfccc.int/sites/ndcstaging/PublishedDocuments/Serbia%20First/Republic_of_Serbia.pdf
SYC,Seychelles,First NDC,English,SYC_Seychelles_First_NDC_English.pdf,2016-04-29,https://www4.unfccc.int/sites/ndcstaging/PublishedDocuments/Seychelles%20First/INDC%20of%20Seychelles.pdf
SLE,Sierra Leone,First NDC,English,SLE_Sierra-Leone_First_NDC_English.pdf,2016-11-01,https://www4.unfccc.int/sites/ndcstaging/PublishedDocuments/Sierra%20Leone%20First/SIERRA%20LEONE%20INDC.pdf
SGP,Singapore,First NDC,English,SGP_Singapore_First_NDC_English.pdf,2016-09-21,https://www4.unfccc.int/sites/ndcstaging/PublishedDocuments/Singapore%20First/Singapore%20INDC.pdf
SLB,Solomon Islands,First NDC,English,SLB_Solomon-Islands_First_NDC_English.pdf,2016-09-21,https://www4.unfccc.int/sites/ndcstaging/PublishedDocuments/Solomon%20Islands%20First/SOLOMON%20ISLANDS%20INDC.pdf
SOM,Somalia,First NDC,English,SOM_Somalia_First_NDC_English.pdf,2016-04-22,https://www4.unfccc.int/sites/ndcstaging/PublishedDocuments/Somalia%20First/Somalia%27s%20INDCs.pdf
ZAF,South Africa,First NDC,English,ZAF_South-Africa_First_NDC_English.pdf,2016-11-01,https://www4.unfccc.int/sites/ndcstaging/PublishedDocuments/South%20Africa%20First/South%20Africa.pdf
SSD,South Sudan,INDC,English,SSD_South-Sudan_INDC_English.pdf,2015-11-23,http://www4.unfccc.int/Submissions/INDC/Published%20Documents/South%20Sudan/1/South%20Sudan%20Intended%20Nationally%20Determined%20%20%20%20Contribution.pdf
LKA,Sri Lanka,First NDC,English,LKA_Sri-Lanka_First_NDC_English.pdf,2016-11-06,https://www4.unfccc.int/sites/ndcstaging/PublishedDocuments/Sri%20Lanka%20First/NDCs%20of%20Sri%20Lanka.pdf
VCT,St Vincent and the Grenadines,First NDC,English,VCT_St-Vincent-and-the-Grenadines_First_NDC_English.pdf,2016-06-29,https://www4.unfccc.int/sites/ndcstaging/PublishedDocuments/Saint%20Vincent%20and%20Grenadines%20First/Saint%20Vincent%20and%20the%20Grenadines_NDC.pdf
PSE,State of Palestine,First NDC,English,PSE_State-of-Palestine_First_NDC_English.pdf,2017-08-21,https://www4.unfccc.int/sites/ndcstaging/PublishedDocuments/State%20of%20Palestine%20First/State%20of%20Palestine%20First%20NDC.pdf
SDN,Sudan,First NDC,English,SDN_Sudan_First_NDC_English.pdf,2017-08-02,https://www4.unfccc.int/sites/ndcstaging/PublishedDocuments/Sudan%20First/28Oct15-Sudan%20INDC.pdf
SUR,Suriname,First NDC,English,SUR_Suriname_First_NDC_English.pdf,2019-02-13,https://www4.unfccc.int/sites/ndcstaging/PublishedDocuments/Suriname%20First/Suriname%20First%20NDC.pdf
CHE,Switzerland,First NDC,English,CHE_Switzerland_First_NDC_English.pdf,2017-10-06,https://www4.unfccc.int/sites/ndcstaging/PublishedDocuments/Switzerland%20First/15%2002%2027_INDC%20Contribution%20of%20Switzerland.pdf
SYR,Syrian Arabic Republic,First NDC,English,SYR_Syrian-Arabic-Republic_First_NDC_Translation_English.pdf,2019-03-13,https://www4.unfccc.int/sites/ndcstaging/PublishedDocuments/Syrian%20Arabic%20Republic%20First/FirstNDC-Eng-Syrian%20Arab%20Republic.pdf
TJK,Tajikistan,First NDC,English,TJK_Tajikistan_First_NDC_Translation_English.pdf,2017-03-22,https://www4.unfccc.int/sites/ndcstaging/PublishedDocuments/Tajikistan%20First/INDC-TJK%20final%20ENG.pdf
THA,Thailand,First NDC,English,THA_Thailand_First_NDC_English.pdf,2016-09-21,https://www4.unfccc.int/sites/ndcstaging/PublishedDocuments/Thailand%20First/Thailand_INDC.pdf
MKD,The Republic of North Macedonia,First NDC,English,MKD_The-Republic-of-North-Macedonia_First_NDC_English.pdf,2018-01-09,https://www4.unfccc.int/sites/ndcstaging/PublishedDocuments/The%20Republic%20of%20North%20Macedonia%20First/Submission_Republic_of_Macedonia_20150805144001_135181.pdf
TZA,The United Republic of Tanzania,First NDC,English,TZA_The-United-Republic-of-Tanzania_First_NDC_English.pdf,2018-05-18,https://www4.unfccc.int/sites/ndcstaging/PublishedDocuments/The%20United%20Republic%20of%20Tanzania%20First%20NDC/The%20United%20Republic%20of%20Tanzania%20First%20NDC.pdf
TLS,Timor-Leste,First NDC,English,TLS_Timor-Leste_First_NDC_English.pdf,2017-08-16,https://www4.unfccc.int/sites/ndcstaging/PublishedDocuments/Timor-Leste%20First/Timor-Leste%20First%20NDC.pdf
TGO,Togo,First NDC,English,TGO_Togo_First_NDC_Translation_English.pdf,2017-06-28,https://www4.unfccc.int/sites/ndcstaging/PublishedDocuments/Togo%20First/INDC%20Togo_english%20version.pdf
TON,Tonga,First NDC,English,TON_Tonga_First_NDC_English.pdf,2016-09-21,https://www4.unfccc.int/sites/ndcstaging/PublishedDocuments/Tonga%20First/Tonga%20INDC.pdf
TTO,Trinidad and Tobago,First NDC,English,TTO_Trinidad-and-Tobago_First_NDC_English.pdf,2018-02-22,https://www4.unfccc.int/sites/ndcstaging/PublishedDocuments/Trinidad%20and%20Tobago%20First/Trinidad%20and%20Tobago%20Final%20INDC.pdf
TUN,Tunisia,First NDC,English,TUN_Tunisia_First_NDC_Translation_English.pdf,2017-02-10,https://www4.unfccc.int/sites/ndcstaging/PublishedDocuments/Tunisia%20First/INDC-Tunisia-English%20Version.pdf
TUR,Turkey,INDC,English,TUR_Turkey_INDC_English.pdf,2015-09-30,http://www4.unfccc.int/Submissions/INDC/Published%20Documents/Turkey/1/The_INDC_of_TURKEY_v.15.19.30.pdf
TKM,Turkmenistan,First NDC,English,TKM_Turkmenistan_First_NDC_English.pdf,2016-10-21,https://www4.unfccc.int/sites/ndcstaging/PublishedDocuments/Turkmenistan%20First/INDC_Turkmenistan.pdf
TUV,Tuvalu,First NDC,English,TUV_Tuvalu_First_NDC_English.pdf,2016-04-22,https://www4.unfccc.int/sites/ndcstaging/PublishedDocuments/Tuvalu%20First/TUVALU%20INDC.pdf
UGA,Uganda,First NDC,English,UGA_Uganda_First_NDC_English.pdf,2016-09-21,https://www4.unfccc.int/sites/ndcstaging/PublishedDocuments/Uganda%20First/INDC%20Uganda%20final%20%2014%20October%20%202015.pdf
UKR,Ukraine,First NDC,English,UKR_Ukraine_First_NDC_English.pdf,2016-09-19,https://www4.unfccc.int/sites/ndcstaging/PublishedDocuments/Ukraine%20First/Ukraine%20First%20NDC.pdf
ARE,United Arab Emirates,First NDC,English,ARE_United-Arab-Emirates_First_NDC_English.pdf,2016-09-21,https://www4.unfccc.int/sites/ndcstaging/PublishedDocuments/United%20Arab%20Emirates%20First/UAE%20INDC%20-%2022%20October.pdf
USA,United States of America,First NDC,English,USA_United-States-of-America_First_NDC_English.pdf,2016-09-03,https://www4.unfccc.int/sites/ndcstaging/PublishedDocuments/United%20States%20of%20America%20First/U.S.A.%20First%20NDC%20Submission.pdf
URY,Uruguay,First NDC,English,URY_Uruguay_First_NDC_Translation_English.pdf,2017-11-14,https://www4.unfccc.int/sites/ndcstaging/PublishedDocuments/Uruguay%20First/Uruguay_First%20Nationally%20Determined%20Contribution.pdf
UZB,Uzbekistan,First NDC,English,UZB_Uzbekistan_First_NDC_English.pdf,2018-11-09,https://www4.unfccc.int/sites/ndcstaging/PublishedDocuments/Uzbekistan%20First/INDC%20Uzbekistan%2018-04-2017_Eng.pdf
VUT,Vanuatu,First NDC,English,VUT_Vanuatu_First_NDC_English.pdf,2016-09-21,https://www4.unfccc.int/sites/ndcstaging/PublishedDocuments/Vanuatu%20First/VANUATU%20%20INDC%20UNFCCC%20Submission.pdf
VEN,Venezuela,First NDC,Spanish,VEN_Venezuela_First_NDC_Spanish.pdf,2018-02-27,https://www4.unfccc.int/sites/ndcstaging/PublishedDocuments/Venezuela%20First/Primera%20%20NDC%20Venezuela.pdf
VNM,Viet Nam,First NDC,English,VNM_Viet-Nam_First_NDC_English.pdf,2016-11-03,https://www4.unfccc.int/sites/ndcstaging/PublishedDocuments/Viet%20Nam%20First/VIETNAM%27S%20INDC.pdf
YEM,Yemen,INDC,English,YEM_Yemen_INDC_English.pdf,2015-11-23,http://www4.unfccc.int/Submissions/INDC/Published%20Documents/Yemen/1/Yemen%20INDC%2021%20Nov.%202015.pdf
ZMB,Zambia,First NDC,English,ZMB_Zambia_First_NDC_English.pdf,2016-12-09,https://www4.unfccc.int/sites/ndcstaging/PublishedDocuments/Zambia%20First/FINAL+ZAMBIA%27S+INDC_1.pdf
ZWE,Zimbabwe,First NDC,English,ZWE_Zimbabwe_First_NDC_English.pdf,2017-08-07,https://www4.unfccc.int/sites/ndcstaging/PublishedDocuments/Zimbabwe%20First/Zimbabwe%20First%20NDC.pdf